I,J
[method=saturation_rhol],
T,out_rho
294.26,73.81726098
294.26,73.90420711
299.81,93.61924118
305.37,112.1822391
310.93,138.1791308
310.93,138.2226038
316.48,169.762311
322.04,207.8664508
327.59,254.4913108
327.59,254.5130474
333.15,309.2238971
338.7,374.2813359
344.26,449.8809925
344.26,450.2505135
349.81,541.1744248
355.37,645.8575605
360.93,764.9954897
360.93,764.9085435
366.48,911.4779755
372.04,1077.305974
377.59,1270.282901
377.59,1269.369967
383.15,1500.798818
388.7,1771.940311
394.26,2093.727924
394.26,2093.727924
399.81,2488.81112
405.37,2953.233852
410.93,3560.096075
410.93,3537.403137
416.48,4300.1815
422.04,5384.877895
427.59,7408.201193
431.37,11965.15634