C,D
[method=saturation_rhol],
T,out_rho
273.15,32387.43194
275.15,32300.48581
277.15,32213.53969
279.15,32126.59356
281.15,32017.9109
283.15,31930.96478
286.15,31800.54559
287.15,31735.33599
288.15,31691.86293
290.15,31604.9168
291.15,31561.44374
293.15,31452.76108
294.15,31409.28802
294.65,31387.55149
293.15,31452.76108
273.15,32691.74338
288.15,31691.86293
293.15,31450.58743
303.15,30735.45554
318.15,29757.31163
333.15,28757.43118
348.15,27692.34113
363.15,26540.30496
378.15,25257.8496