E,F,
[method=density],,
p,T,out_density
860249.3,323.15,20221.15445
861870.4,323.15,20244.77379
1011325,323.15,20250.0312
1219852,323.15,20263.18253
2705175,323.15,20315.95944
5167373,323.15,20416.98908
7684995,323.15,20500.17161
10292590,323.15,20600.32761
12936160,323.15,20701.46646
15633430,323.15,20803.60374
18371240,323.15,20898.36193
20989470,323.15,20996.80187
23684720,323.15,21084.77379
26403270,323.15,21170.60842
28963750,323.15,21257.14509
31847460,323.15,21344.39938
1045674,328.15,20013.63495
1220257,328.15,20016.19345
1426048,328.15,20029.04836
1220966,333.15,19770.14041
1402338,333.15,19775.16381
1500927,333.15,19785.19501
1685643,333.15,19792.73011
3459540,383.15,16660.21841
3647295,383.15,16685.16381
4001729,383.15,16746.05304
4315026,383.15,16782.07488
918000,273.2,22404.05616
5029000,273.2,22507.64431
10007000,273.2,22628.54914
15006000,273.2,22744.9298
19982000,273.2,22856.47426
25017000,273.2,22965.0546
29993000,273.2,23068.64275
34999000,273.2,23169.73479
3963000,383.28,16791.10764
5021000,383.29,16929.17317
9986000,383.29,17465.99064
14974000,383.29,17888.29953
20000000,383.29,18243.05772
24991000,383.29,18548.04992
29999000,383.29,18819.50078
34997000,383.29,19064.43058
883000,273.22,22220.59282
4979000,273.22,22333.22933
9986000,273.22,22465.52262
15003000,273.22,22592.5117
19991000,273.22,22714.19657
24990000,273.22,22831.51326
29991000,273.22,22944.77379
34992000,273.22,23054.29017
19990000,383.12,18054.60218
25001000,383.12,18378.93916
29991000,383.12,18665.21061
15000000,383.13,17679.25117
3968000,383.13,16476.91108
4979000,383.13,16627.4571
9995000,383.13,17223.71295